"0","tamaramorrison@hotmail.com","pbkdf2:sha256:50000$nKAGTbIY$740bc824d19b525cc11fbbdeb9fd49d15a92d01c930104ce32252565b1285a96","Gary","Cross","9342 Lori Bypass Suite 711
East Sandra, CO 92162","945.69"
"1","carlsonholly@yahoo.com","pbkdf2:sha256:50000$mUpE5Ip6$2da1aae593ce44bf909f32f3e6d77dc794fe3d37a5f11638818a6094fe7f55ac","Tracy","Robbins","230 Megan Junctions Suite 197
North Thomas, OK 67164","939.39"
"2","bairdemma@hotmail.com","pbkdf2:sha256:50000$G6MlgyXH$a8db1f9c32b9240d8b43339d22ba5dfb8cc3acce568cce3932ebcb7b9138a707","Anthony","Carson","4217 Burton Brooks
Robinville, KS 17988","669.66"
"3","zsmith@hotmail.com","pbkdf2:sha256:50000$rQ5Yb1TU$772e3d0e6f33c7a8239ecfe60949e7cd68f993c53c018bdc89acaae8a82c34ea","Sara","Evans","361 Robinson Green Apt. 635
North Lynntown, NC 59694","770.86"
"4","berryerika@hotmail.com","pbkdf2:sha256:50000$8D0oZ5Az$00666e7598c10b957815639307f0879aa2f1a2e3f003689e4da56427056a362a","Charles","Scott","634 Petersen Orchard
Lawsonbury, AK 86613","906.00"
"5","debra94@gmail.com","pbkdf2:sha256:50000$YX6MrHat$a72536b2de5f55a9bc974bba2bf9abac15c7019a6a6bbb6ad0a3a6b16b441923","John","Ellis","306 Watson Field
Kellyland, AZ 64223","261.03"
"6","eric22@gmail.com","pbkdf2:sha256:50000$jeUiw9Ne$922ebae44b38f279b9890c4f0e8fb18be72d4b9d64b34e68ff59aebd175eec27","Melissa","Cantu","45602 Phillip Squares
East Robertside, WA 19150","605.54"
"7","bramirez@gmail.com","pbkdf2:sha256:50000$saBtCjJY$d2ba615b14516fb2bc47360b096069d0cfa8f7570e08b085fca06a9fe9e5e004","Michael","Montgomery","46896 Garcia Glen
Justinborough, CO 05147","72.33"
"8","yroman@hotmail.com","pbkdf2:sha256:50000$GrKEXKcU$7b5afa3c55882d491f4f9bd54c26df257f6fc49f4dda14486d750869392d7ec6","Andrew","Oliver","90603 Monica Lakes Apt. 239
Cheyennehaven, LA 46778","421.58"
"9","nhenson@yahoo.com","pbkdf2:sha256:50000$d5KT88MV$72a56eb59d63c9216715d11adada1e3963671a8647e2ec3e7180ea3093d1aaf9","Kristen","Smith","602 Tracy Crossroad Suite 556
New Rachelside, ID 93702","303.99"
"10","jensenanthony@hotmail.com","pbkdf2:sha256:50000$JPZp3dof$286c7f03baa53efea910a2cd32b6689f4fd494448e6c1d87e8356eaea01154db","Mark","Burnett","38277 Padilla Common Suite 296
Port Leslie, MS 08257","213.04"
"11","jennifersimmons@hotmail.com","pbkdf2:sha256:50000$2QQOmXO1$00e966e6664be5142fedd2dbae34f18afa527e01df9d219a484d409083e345e9","Cassandra","Murphy","299 Johnny Valley Suite 007
West Kellyberg, IA 67011","364.20"
"12","stephanie28@gmail.com","pbkdf2:sha256:50000$GDfoDepS$8c2c8dbc3029082d1175b001518589d3c5c63eddbc869ff12f728696692153d9","Amber","Moore","188 Fischer Grove
Justinchester, VT 37258","968.33"
"13","mark06@yahoo.com","pbkdf2:sha256:50000$oLDDKizs$f0c418a036c1fb106288488bc2f981b8171dbad0e81f3b4a442e0ba728346581","David","Macias","550 James Creek
Williamstown, MO 16920","783.81"
"14","gutierrezbryan@yahoo.com","pbkdf2:sha256:50000$phkiNf4O$b86d6e48b8392e2aaa861c0fae1a71d4a5889764356f86c9b764e2131c8312e3","Kelly","Mckinney","251 Brown Knoll
Emilyshire, NH 54532","185.03"
"15","andrewholloway@hotmail.com","pbkdf2:sha256:50000$vt4JYjdn$ac1619f6e3a3efcdf18bb9909b48f6e5e068145163a72979bcaafd04153646dd","John","Barron","922 French Manor
Bradleymouth, IA 18566","372.65"
"16","gonzalezsusan@gmail.com","pbkdf2:sha256:50000$1oRj7xEi$1f08cb0c9ceedeccc03b29a81813fb457c8e8bcaf488e605d3e3a6968a9b51fd","Sarah","Thomas","0486 Evelyn Grove Suite 352
North Christie, AK 56937","590.50"
"17","deleonwilliam@gmail.com","pbkdf2:sha256:50000$4lyCreMW$37d6229f72c76fa7791eaf802ea6c0d56ada13087f666627b099d5e2cf966b15","Maria","Harris","693 Erickson Lodge
Andrewberg, MS 22958","906.56"
"18","simpsonstacey@hotmail.com","pbkdf2:sha256:50000$N35eBr4T$0e63ff355ea9674d696da9a8a93a78641db77e85fb0f71f80d4ba826adc5bffd","Charles","Shields","635 Valencia Drive Apt. 437
Justinberg, WI 16158","410.45"
"19","meyerchristine@yahoo.com","pbkdf2:sha256:50000$mjh61wzs$b283d9b1ecf627e781ef515eb3084dbdd0c37f591d40c3ae860672c8e8b0776c","Aimee","Nichols","66706 Patrick Track
New Stephanietown, MI 92756","376.43"
"20","lopezsarah@hotmail.com","pbkdf2:sha256:50000$SM3EPBjb$9167d5c4254e63612fba000a9dadd85025131f6eea705dc256f816c82e2d09d2","Karen","Perez","50592 Myers Field
Crawfordburgh, AR 44929","908.97"
"21","janet06@gmail.com","pbkdf2:sha256:50000$1AR5DhnW$5ce2ed866e09acd206ae5a237692b9c7c361edde63cfca5735c15a0f6df177be","Mark","Mitchell","302 Parker Plains Apt. 197
East Robertstad, CO 98152","23.98"
"22","martintyler@gmail.com","pbkdf2:sha256:50000$09E5XeWs$f0210549e86f9b39f2f84499af5870887d9beea735083926464760fea67fb855","Timothy","Anderson","51986 John Cove Apt. 927
New Marybury, CT 73611","856.90"
"23","hendersongavin@gmail.com","pbkdf2:sha256:50000$AESOwrGB$2800fc8593dce266b82bb06a8cdfab8b318a3c5d0a9e0f7570b7294cf37a7302","Alejandra","Singleton","0314 Madison Crossroad Suite 058
Martinezbury, LA 35700","413.55"
"24","twright@hotmail.com","pbkdf2:sha256:50000$eYvtbqPH$b3ee55dd73b3a5f97fed48a91b9b2c0f09afd5702a1fbcc3b8cd6f07bda751b1","Kim","Nolan","92555 Shaw Spurs Suite 207
New Randy, ME 58221","142.60"
"25","jack27@hotmail.com","pbkdf2:sha256:50000$xRXrgiJa$c458dbcd26d2641907afadcff591efb96b53c50860b821591e29f48ca51b1d9e","William","Smith","300 Merritt Bypass Apt. 816
Martinborough, AR 44951","994.17"
"26","newtonsean@hotmail.com","pbkdf2:sha256:50000$5JlR3xrO$3063c8036b62b95b3b81b892ba65ffdf955fe2ae6913a7c4dbd94e327d8b7d50","Lisa","Beltran","392 Barbara Heights
Johnnyfurt, AL 83909","882.06"
"27","destinywoods@hotmail.com","pbkdf2:sha256:50000$cwfkf5uV$cb32de5e233ea3c2e7b9fd305a76aa75174655a9a0f58e5ab0becc13767c3a1d","Rachael","Diaz","78264 Lewis Burg
Lutzburgh, NV 41821","592.41"
"28","santanajimmy@gmail.com","pbkdf2:sha256:50000$odxkn5pl$3d1db7126421eae54cdcaf8c21e0ab353d23371bd2bd2108d2b52594d21d2655","Patrick","Graves","96299 Joshua Estate Apt. 932
East Jonathan, ME 19541","752.78"
"29","yfitzgerald@hotmail.com","pbkdf2:sha256:50000$BC0hcWLY$32ad37ef9197524f4846370832cb9e50641615cd7a9a2ae549e16080885f638f","Katherine","Gomez","049 Black Ports
Clarkborough, CO 13289","548.51"
"30","luke15@gmail.com","pbkdf2:sha256:50000$f1Cpo0XR$5dcd2a517d59f8ddd71106fdbc2aa988825693c462e7311696b78eab4a612e4c","Jacqueline","Howell","Unit 8666 Box 0271
DPO AA 83004","677.19"
"31","tbraun@gmail.com","pbkdf2:sha256:50000$jcVuM7Ij$3eea22b82776b19ab26fb8996f54f6fb607a289c428145f42868e57f272ce509","Mario","Shelton","55466 Tonya Shoal Apt. 319
East Monique, NV 42401","997.01"
"32","aanderson@hotmail.com","pbkdf2:sha256:50000$jbgS6CgN$aa37f5fe254b2c9952ff20301b50c57b0b774575b83c5d589cbc7e55fe8c2e17","Timothy","Hayden","61604 Kevin Pine Apt. 850
North Christopher, MA 59789","867.25"
"33","pperez@hotmail.com","pbkdf2:sha256:50000$CJuDN0vl$2d4c52dc399c1578aabf1153c67651d22a250fd7caef2c2c2f9d088aa626226e","Ashley","Martin","60969 Justin Passage Suite 774
Joshuaburgh, IN 61092","331.82"
"34","justinbonilla@hotmail.com","pbkdf2:sha256:50000$j2Da3Ccg$dec9b343471936a98d2652dfadfe851611735fc61e7e030be9ffe2b6476f054c","Daniel","Patterson","726 Hardin Locks Suite 785
Robertshire, WI 22773","354.04"
"35","richardsandrew@hotmail.com","pbkdf2:sha256:50000$F2EopIXB$c4c9816f1345a4acbe841fa7999e304bdd7b32024a70434504139add6cf79e70","Jordan","Parker","19131 Reynolds Crescent
Robbinsmouth, VA 22528","552.13"
"36","jesse06@hotmail.com","pbkdf2:sha256:50000$QXreguVz$907a37c378c26246bfbc2ef1a79c17e3d0e94c8c898bad7681e33eb95f091835","Debbie","Taylor","0415 Smith Springs
Jeremyburgh, MN 69154","649.14"
"37","johnny46@hotmail.com","pbkdf2:sha256:50000$UTL80tpK$93146cab15a90aabab0d1a82920352e85b6980116a8eb488a5ba6f0212c5331c","Timothy","Kerr","4600 Peters Union
Jennifertown, NM 89462","829.49"
"38","freynolds@yahoo.com","pbkdf2:sha256:50000$JBqE1XfH$a6bb6eb0c76ccbd1e1863671a6b2081ed57c02ae481b52f2e9424b48f4101da3","Julie","Taylor","3412 Morris Highway
Cooperburgh, DC 92892","348.28"
"39","lewisabigail@yahoo.com","pbkdf2:sha256:50000$zVl3IJci$97c7e69b72d8800f8566bda2e4301c49c276cab8131ec6342afaadea3b4bbbfc","Brittany","Wilson","8647 Donald Extensions
Perezbury, DC 58169","444.12"
"40","richard56@yahoo.com","pbkdf2:sha256:50000$jizgUWsU$b2fbe02f41b16c4861d362a4d1f12e51520b4fdc68a075b2b0558b95e46e5472","Daniel","Cortez","6622 Lee Extension Apt. 148
New Melissa, NM 16412","492.31"
"41","rfuentes@yahoo.com","pbkdf2:sha256:50000$MbgY670C$ca477c42c33f8aa87e9c855f6d21404084596da739c17747d9ff3e1c77b15c80","Karen","Snyder","1245 Lawson Overpass
Smithmouth, FL 54778","826.03"
"42","amandarobinson@hotmail.com","pbkdf2:sha256:50000$RBqSp7S1$9793731b2d584af81ccf1c947ce2ed4860cb7144b6f606eefdc7bd9863ea1227","Christopher","Barber","Unit 9122 Box 9990
DPO AA 34602","218.68"
"43","gstone@yahoo.com","pbkdf2:sha256:50000$ySAr2HHC$7c508f2966d5df918eb0973a71987ce98df9ff45474afe730e17239400e273a1","Alexis","Williams","7803 Ellis Ferry
East Austin, LA 99768","331.42"
"44","ginamartinez@yahoo.com","pbkdf2:sha256:50000$VGIa1f2Q$4c44de61b9e66dce8d0c478c396adaddd8f5770c2903048daef95f972550b651","Michelle","Estrada","0808 Cohen Glens Apt. 841
New Theresaside, HI 19821","816.15"
"45","powelljudy@hotmail.com","pbkdf2:sha256:50000$vwXZz7zn$801bd7669570242b187e64e8fa4aeeff829ba1dea03fc23f489f07c2e8ecf623","Francis","Lynch","11892 Howard Pass
South Kimberly, PA 24998","995.43"
"46","elizabethstewart@hotmail.com","pbkdf2:sha256:50000$TBKSSBNs$e25715495c79fa0a922eaebcc93ce4271571be00c912cca6fcf4257308f85409","Traci","Carpenter","74632 Smith Way
East Ashleyton, MN 07618","683.28"
"47","kaitlyn18@hotmail.com","pbkdf2:sha256:50000$xlPoOoux$5d5d87b3f07c04b385f7d68d8694fd0dc55acc9b9f6ee7fc8ee61cb10a3ae7cb","William","Mccarty","8443 Morrison Neck
Markshire, PA 79269","793.37"
"48","ywallace@hotmail.com","pbkdf2:sha256:50000$JSQuw5Lk$cd1a666a251490adbaa5b3d8a4a960b49ca4e722da692993b7955cdb2a3ceb2c","Devin","Oliver","07432 Garcia Trafficway Suite 804
East Brianview, NC 87085","793.74"
"49","ricksmith@yahoo.com","pbkdf2:sha256:50000$Ae90E5Un$ed05d2b1b52740d05c5a5e16b336758007027fca129c47f53deef09b21243a81","Valerie","Rivera","90555 Valerie Springs
Michaelchester, MN 75887","258.19"
"50","richardharding@yahoo.com","pbkdf2:sha256:50000$CSj7TfqA$b529b8d72be2b917811bcf086a028593dddfdfa726ab9932bf562f6a72e5c7ec","Mr.","Riddle","0422 Martinez Road Suite 296
Lake David, NH 41606","491.44"
"51","martinezsarah@hotmail.com","pbkdf2:sha256:50000$B7ko83gc$af1dc81431fc6e2a363d0bf254d4c45a5d297791b9d11702e5ddc982b32d1f34","Kathleen","David","9516 Cook Ranch
Melissaside, AR 04391","349.93"
"52","alexanderboyd@yahoo.com","pbkdf2:sha256:50000$5AUOp8PP$50d0e4dbebc6ec23ecc7a9588ab9162652cdfe74a8e18a7aaa1008cb21c4710d","Stephanie","Calhoun","554 Victor Forest
New Rebeccaville, NE 84490","103.04"
"53","mcculloughpatrick@yahoo.com","pbkdf2:sha256:50000$CmoZMcf2$240f7c0aecf7d2ec2326d0543c691074a728702012af8fa36194c71b0a345efd","David","Mckee","0051 Natalie Pine
Port Ashleyside, IL 78104","594.52"
"54","jason73@yahoo.com","pbkdf2:sha256:50000$DsAQQ7Bu$53aaeb32e9979268b79515cbf490e61efe33190d2c140408d5db1d219011d6c6","Jorge","Nelson","USCGC Roy
FPO AP 62955","450.86"
"55","susan41@hotmail.com","pbkdf2:sha256:50000$HsX5Fejg$c14ff43014b2cc6b3c53826b0fe7ac150dbc96ea86b4528fe294b5bdab5acd81","William","Edwards","70754 Strong Camp
Port Ethan, VT 92827","947.98"
"56","patrick03@hotmail.com","pbkdf2:sha256:50000$SUV1eUQD$fcb8cb274b7c6993100fa7a2154b5a306d69bdf7faaaa7b747b9315d8a70a5db","Ms.","Edwards","0066 Heather Springs Apt. 563
Kaylahaven, OK 20841","741.11"
"57","jmcmahon@gmail.com","pbkdf2:sha256:50000$OaUe5vHo$cd60389c185aaf4203619c8c77aaef3c55c04f291a1eeb543f4f5482b8164d0a","Jimmy","Walker","521 Gibson Fields Suite 602
Tiffanyside, TN 57606","951.99"
"58","brownshane@yahoo.com","pbkdf2:sha256:50000$tDyVhFaG$8071acfe87fbac31c31e97a94f286438ea8401437795f986206ab73f7deba1d5","Tracy","Davis","900 Stephanie Locks
Kristenfort, CT 73331","153.10"
"59","gregorymontgomery@hotmail.com","pbkdf2:sha256:50000$ypcFQBtk$0d5ab935ee390b483d9c5813d6ad2f54ca9f1eca1057373619dba677793f6784","Stephanie","Garza","53799 Sydney Parkways Apt. 735
Matthewtown, NE 99089","907.82"
"60","nathan44@hotmail.com","pbkdf2:sha256:50000$SIg0239C$3d8c7e0f1e14852ddb226343681a26596602f3e3e6836520bbb537b2de75005d","Timothy","Padilla","2616 Donna Mountains
Alexandertown, NH 64221","724.00"
"61","qdyer@yahoo.com","pbkdf2:sha256:50000$7rzjS1WO$951132c560f9e30024927d0d27a858badba14cd9e60d556b11cbe0d80af2542c","Tammy","Sexton","5640 Sara Lakes Apt. 150
Valenciachester, OR 56221","254.83"
"62","debra49@yahoo.com","pbkdf2:sha256:50000$PY8R5yZ2$60349b33e060dc65fbc5a363e2567947dd5eee1dc701e7bd85c5f916afeaffd7","Cody","Morris","57680 Weaver Route Apt. 509
Duffychester, TX 94575","60.39"
"63","amanda91@hotmail.com","pbkdf2:sha256:50000$on5D75Pm$19a3e75d2c89542688e4299af72df7e7326f5c3c0e65bc118f16f5d9f325eaae","Lindsey","Davenport","Unit 5182 Box 9799
DPO AA 69551","358.34"
"64","mhiggins@hotmail.com","pbkdf2:sha256:50000$Nece9tUh$d86a77c47bcadee16001e4e283921697aa470897275883f8f9b802a87d5c63f2","Ronald","Ferrell","0587 Donna Skyway Suite 195
Port Brendaburgh, ME 87382","895.23"
"65","mary99@gmail.com","pbkdf2:sha256:50000$c4Pq9sqr$51de2041926e0502272e59883b8524ae360e0819bc2ff283765f6a4bfdcc3064","Caitlyn","Fisher","725 John Summit
Wellston, HI 80342","810.02"
"66","heatherroman@hotmail.com","pbkdf2:sha256:50000$nEFP43LX$aed22c2110100d4f52125e1d646ab7efe4d71adeb31d993c2be9e91323b619a6","Travis","Richardson","643 Shelly Spur Apt. 344
Port Danielberg, NM 34987","723.17"
"67","jeffreysmith@gmail.com","pbkdf2:sha256:50000$AWi7aLYL$9de36870b7ca2113a751efc5038e255ef01b6985e42e5009ef0aa0708885f8eb","Samantha","Parrish","9440 Nelson Course Apt. 907
East Christopherview, VA 10193","945.08"
"68","joshuawatson@hotmail.com","pbkdf2:sha256:50000$JR5yR7wo$3de1b4c1c81ba766a25351e9f30bed79395a19cf1d336c160660ba2848469834","Jonathan","Ayala","87513 Collins Radial Apt. 001
New Roberto, NY 12950","93.61"
"69","christopherwilson@hotmail.com","pbkdf2:sha256:50000$3yHWMgS6$541cb73248dc30d8ac1cc49f3dfe068bd4a3362009a3791e7aa581ab5671aa5a","George","Butler","8103 Michael Way
West Linda, ME 25927","884.81"
"70","patricia10@yahoo.com","pbkdf2:sha256:50000$dz5NbnNE$20a3c44bbff267839230e0fa62ef7c98c4dda8c24b14d605051a98baf7c1d4fc","William","Bailey","Unit 4616 Box 6533
DPO AE 79485","454.49"
"71","michael74@yahoo.com","pbkdf2:sha256:50000$qeDEhJCy$dacdf465fb9895d96efb2b13bd75256746ef33ac6c30351a2f5e999d76b5b66e","Kimberly","Park","6179 Chapman Turnpike
Davisville, AK 20599","545.72"
"72","upayne@hotmail.com","pbkdf2:sha256:50000$lxtMVxrg$7257ed6e4763e83cb0470164480879e96c3e9740aeb8bb23be6d6aaf527b2f9b","Sonya","Lucas","9623 Darlene Vista
Boyerhaven, WV 23452","975.18"
"73","kathrynespinoza@gmail.com","pbkdf2:sha256:50000$8B8npQRx$67285e1859e7edd2dee00e1db59e4431651079597f8ccd9615e3e5aa69cb7372","Heather","Jackson","9018 Lara Green
Ronaldfurt, AL 96547","291.70"
"74","nicole92@hotmail.com","pbkdf2:sha256:50000$whKgVSLq$4b3230a1e3304d73667d4b9fc0ca595929c0cebe46f11238a2eaeeb2bea14ff0","Erin","Williams","21827 Alejandro Bypass Suite 314
Shannonbury, TX 79795","569.55"
"75","alexandramitchell@gmail.com","pbkdf2:sha256:50000$Hbt4GeJz$e951401bc07ffa4112877a028f252db4d56723c1db9937d2d5dd4026b9c17692","Matthew","DDS","65659 Kirby Island Apt. 019
Rodriguezmouth, IN 45087","342.90"
"76","gregg31@yahoo.com","pbkdf2:sha256:50000$jo85h8iJ$53f42df2b6b2b43a2549014c1fdc0497670d02bb03ffa24363fbbfb8d39545fb","Eric","Norton","1183 Stephen Prairie Suite 402
Lake Stephaniemouth, TN 99530","579.39"
"77","evanslisa@gmail.com","pbkdf2:sha256:50000$JzUOUdTe$341c3d4eb4ccff4a5b02577d29a92d662a98ddf262ad855df308928e49c53a65","Kevin","Massey","7804 Hudson Hills
Amberfurt, LA 10945","459.89"
"78","shawnharris@gmail.com","pbkdf2:sha256:50000$bt1bfo3B$27b50d912aaf85d323da16d620ba1cab705b137ba499dcbf18bddb70d829fecb","Michele","Hall","726 Gerald View Apt. 592
Huangstad, RI 55872","679.53"
"79","danieltucker@hotmail.com","pbkdf2:sha256:50000$ySggEPMp$98a1a4a9f447330c04f04031000ca0d879fc9715ce76fe80bd344819dead5ba6","Jessica","Miller","67926 Ann Alley Apt. 895
Port Davidhaven, IN 92657","721.21"
"80","morgantaylor@hotmail.com","pbkdf2:sha256:50000$NbGphVBL$d8b024318db4828e15114e610dfd7f852cc6666e37233d38b362917fd290e205","Samantha","Olson","USCGC Murphy
FPO AE 11473","202.75"
"81","debra23@yahoo.com","pbkdf2:sha256:50000$udKOqdJz$8f54d7e5c90a437409e371202db0b403840a1f4e4ee8984df63510976d060795","John","Bell","2907 Madden Prairie
Lake Desireefurt, MD 53140","349.48"
"82","petersonshelly@gmail.com","pbkdf2:sha256:50000$Y7NOxoB7$aa4b963bd6e83ccc21fa788782308be90c274020d541329ca6fb85935694b7d9","Joshua","Salas","3400 Ryan Springs
Michelletown, WI 80213","1.73"
"83","valerie19@hotmail.com","pbkdf2:sha256:50000$sHuTSNsa$a622b5ba2e56d8e1ef4a9e3cc46eb2462b3fe29fa7db98ec6750f55f2b69b362","Richard","Morales","769 Deleon Flats Apt. 564
Alisonmouth, DC 43604","153.15"
"84","paul12@yahoo.com","pbkdf2:sha256:50000$YvRZGqDn$3ed599e5cb2ebe2f9dc7160f8116949c7ec5150d7a5bdd1273c815e909ab0ff3","Joseph","Johnson","215 Kristen Ports
New Deborah, IN 29790","570.52"
"85","barbaranewton@yahoo.com","pbkdf2:sha256:50000$gWAskNuG$d87ee7775d1e32b2e4d5c95d3c6c3fa4f77fb2551b111af883757f2af14dce7b","Crystal","Palmer","71463 Stacey Pike Suite 340
Port Rhondatown, AR 79141","997.30"
"86","rbuchanan@yahoo.com","pbkdf2:sha256:50000$1ydhq0h8$f5d4eea109f4a01e1c9625fa8de64f212a77aa5612b75e01457ed99c80f1e8aa","James","Gray","813 Charles Extension
South Kristinstad, NH 23833","592.52"
"87","christopher24@gmail.com","pbkdf2:sha256:50000$arjfJZzc$5ba63a0a60f2bda576bf2ed93997c3cefb981b024b5aa4b193483bd59376dbc5","Eric","Myers","089 Tamara Stravenue Suite 340
Aaronmouth, MA 13454","658.24"
"88","mercadobrandon@gmail.com","pbkdf2:sha256:50000$7uiFEZyR$9769918d6e43433911e4603ba7a2a1201e533e27dfb5eaed222cb46ada359ead","Cassie","Hogan","8393 Davis Spring
North Coreymouth, MS 82835","705.51"
"89","bnelson@yahoo.com","pbkdf2:sha256:50000$o7M1m7m3$203df4fa97dca4918a3635ce59cb92b7edf0395788ff18c2746b503220a7744e","Karen","Lee","3137 Mark Villages
Boonefurt, MS 80386","744.69"
"90","snyderamber@gmail.com","pbkdf2:sha256:50000$tuHKgqn7$e986b2a761d194c9d6b15436921367aee580882315eab077c41265ee803577d2","Brittany","Carroll","8564 Fernandez Vista Suite 940
West Jenniferfurt, MI 78607","510.61"
"91","cantupatricia@yahoo.com","pbkdf2:sha256:50000$lGB5G6lE$69776cd021da8bbf7373f4e7422cc2118d4ad153d80098e22f2ef72a0b623d47","Benjamin","Decker","78193 Parker Forges
Littlebury, MI 82557","999.06"
"92","stuartdavis@yahoo.com","pbkdf2:sha256:50000$l5y50MJt$0b0ee0b8c986ebeafbc4d404e6809a245024f34096efd53e2ddbd1466d0bf63b","Steven","Davis","PSC 7057, Box 7049
APO AP 36099","207.22"
"93","howardgregory@yahoo.com","pbkdf2:sha256:50000$0DYjz12O$d2858c335f33a09d5ba880623c326b2bfd065334d492c56073a76e36548700af","Robert","Morris","89826 Elliott Overpass Apt. 357
Reginachester, LA 57645","969.32"
"94","paullawrence@yahoo.com","pbkdf2:sha256:50000$DePbe461$116771d6367642b74dd782c1360fd58ea8d1cb488a4faf929cec91a372932831","John","Gutierrez","45396 Davis Road Suite 031
Virginiaville, KS 57281","53.32"
"95","steinpamela@gmail.com","pbkdf2:sha256:50000$10gh6eFm$45a52406f5664c4aa625f5e8e57f3beecc17fa9440ef53e355d5468e1e18c325","Kelsey","Knight","133 Zuniga Summit
Robertston, SC 08684","402.50"
"96","ian93@yahoo.com","pbkdf2:sha256:50000$bQXfa9wv$70ca892a3bbf2973534d4b9f0912a8d3e297bf4ba86e09fe96eb9f5b9f53ae2a","Rebecca","Morales","402 Cox Pass
Tinachester, NV 24476","357.10"
"97","nrogers@gmail.com","pbkdf2:sha256:50000$7YkqC7nq$78597594506011e1cb3d6eb9446d2e73a5fe3737a041f4d2556db7e1fffc93b1","Kimberly","Smith","04001 Green Island Suite 629
New Mariamouth, ME 75278","487.13"
"98","troylopez@yahoo.com","pbkdf2:sha256:50000$dl4ndFpq$3ae935daff990943442e3adee359ab047d43b3df16e2faffbc0a6f87e1fa5510","Courtney","Miller","1788 Roger Summit
South Dawn, TX 48780","108.54"
"99","audrey02@gmail.com","pbkdf2:sha256:50000$i99pT11T$4c59d720296e310735d1f2e16238299d942cd63512d86a290dac2d180b927723","Angela","Neal","6946 James Orchard Suite 204
Port Joshua, WY 95985","802.65"
